"Title","City","State","Group","Ideology","Headquarters","Statewide","Year"
"The Creativity Movement","","Arkansas","","Neo-Nazi","","Yes","2013"
"11th Hour Remnant Messenger","Santa Fe","New Mexico","","Christian Identity ","","","2013"
"9/11 Christian Center at Ground Zero","New York","New York","","Anti-Muslim","","","2013"
"a2z Publications","Las Vegas","Nevada","","General Hate ","","","2013"
"Abiding Truth Ministries","Springfield","Massachusetts","","Anti-LGBTQ","","","2013"
"Abundant Life Fellowship","Morgantown","Indiana","","Christian Identity ","","","2013"
"AC Skins","Absecon","New Jersey","","Racist Skinhead ","","","2013"
"AC Skins","Atlantic City","New Jersey","","Racist Skinhead ","","","2013"
"AC Skins","Brick","New Jersey","","Racist Skinhead ","","","2013"
"AC Skins","Brigantine","New Jersey","","Racist Skinhead ","","","2013"
"AC Skins","Browns Mills","New Jersey","","Racist Skinhead ","","","2013"
"AC Skins","Galloway","New Jersey","","Racist Skinhead ","","","2013"
"AC Skins","Little Egg Harbor City","New Jersey","","Racist Skinhead ","","","2013"
"AC Skins","Marlton","New Jersey","","Racist Skinhead ","","","2013"
"AC Skins","Marmora","New Jersey","","Racist Skinhead ","","","2013"
"AC Skins","Mays Landing","New Jersey","","Racist Skinhead ","","","2013"
"AC Skins","Pine Hill","New Jersey","","Racist Skinhead ","","","2013"
"AC Skins","Somers Point","New Jersey","","Racist Skinhead ","","","2013"
"AC Skins","Wildwood","New Jersey","","Racist Skinhead ","","","2013"
"AC Skins","Woodbine","New Jersey","","Racist Skinhead ","","","2013"
"Advanced White Society","Birmingham","New Jersey","","White Nationalist ","","","2013"
"Agenda21Today","Shady Grove","Florida","","General Hate ","","","2013"
"Aggressive Christianity","Berino","New Mexico","","General Hate ","","","2013"
"Aggressive Christianity","Fence Lake","New Mexico","","General Hate ","","","2013"
"All Eyes On Egypt Bookstore","Macon","Georgia","","","","","2013"
"All Eyes on Egypt Bookstore","Milledgeville","Georgia","","","","","2013"
"Alliance for Catholic Tradition","Pleasant Unity","Pennsylvania","","Radical Traditional Catholicism ","","","2013"
"Alternative Right","Whitefish","Montana","","White Nationalist ","","","2013"
"America's Promise Ministries","Sandpoint","Idaho","America's Promise Ministries","Christian Identity ","","","2013"
"American Border Patrol","Sierra Vista","Arizona","American Border Patrol/American Patrol","Anti-Immigrant","","","2013"
"American College of Pediatricians","Gainesville","Florida","American College of Pediatricians","Anti-LGBTQ","","","2013"
"American Family Association","Franklin","Pennsylvania","American Family Association","Anti-LGBTQ","","","2013"
"American Family Association","Tupelo","Mississippi","American Family Association","Anti-LGBTQ","","","2013"
"American Free Press","Washington","District of Columbia","","General Hate ","","","2013"
"American Freedom Defense Initiative","New York","New York","","Anti-Muslim","","","2013"
"American Freedom Party","Granbury","Texas","American Freedom Party","White Nationalist ","","","2013"
"American Freedom Party","Grand Forks","North Dakota","American Freedom Party","White Nationalist ","","","2013"
"American Freedom Party","Jacksonville","Florida","American Freedom Party","White Nationalist ","","","2013"
"American Freedom Party","Lakewood Ranch","Florida","American Freedom Party","White Nationalist ","","","2013"
"American Freedom Party","Las Vegas","Nevada","American Freedom Party","White Nationalist ","","","2013"
"American Freedom Party","Los Angeles","California","American Freedom Party","White Nationalist ","","","2013"
"American Freedom Party","Maidsville","West Virginia","American Freedom Party","White Nationalist ","","","2013"
"American Freedom Party","New York","New York","American Freedom Party","White Nationalist ","","","2013"
"American Freedom Party","","Wisconsin","American Freedom Party","White Nationalist ","","Yes","2013"
"American Front","Hackensack","New Jersey","","Racist Skinhead ","","","2013"
"American Front","Haledon","New Jersey","","Racist Skinhead ","","","2013"
"American Front","Lynn Haven","Florida","","Racist Skinhead ","","","2013"
"American Front","Roselle","New Jersey","","Racist Skinhead ","","","2013"
"American Front","Sacramento","California","","Racist Skinhead ","","","2013"
"American Front","St. Cloud","Florida","","Racist Skinhead ","","","2013"
"American Immigration Control Foundation/Americans for Immigration Control","Monterey","Virginia","","Anti-Immigrant","","","2013"
"American Nationalist Association","Porterville","California","","White Nationalist ","","","2013"
"American Nationalist Union","Las Vegas","Nevada","","White Nationalist ","","","2013"
"American Nazi Party","Rialto","California","","Neo-Nazi","","","2013"
"American Nazi Party","Westland","Michigan","","Neo-Nazi","","","2013"
"American Nazi Party","","Virginia","","Neo-Nazi","","Yes","2013"
"American Nazi Party","","Arizona","","Neo-Nazi","","Yes","2013"
"American Nazi Party","","West Virginia","","Neo-Nazi","","Yes","2013"
"American Nazi Party","","Texas","","Neo-Nazi","","Yes","2013"
"American Nazi Party","","Ohio","","Neo-Nazi","","Yes","2013"
"American Patrol/Voice of Citizens Together","Sherman Oaks","California","","Anti-Immigrant","","","2013"
"American Renaissance/New Century Foundation","Arlington","Virginia","","White Nationalist ","","","2013"
"American Renaissance/New Century Foundation","Oakton","Virginia","American Renaissance","White Nationalist ","","","2013"
"American Vision","Powder Springs","Georgia","","Anti-LGBTQ","","","2013"
"Americans for Legal Immigration (ALIPAC)","Raleigh","North Carolina","","Anti-Immigrant","","","2013"
"Americans for Truth About Homosexuality","Naperville","Illinois","","Anti-LGBTQ","","","2013"
"Artisan Publishers","Muskogee","Oklahoma","","General Hate ","","","2013"
"Aryan Nations","Bartow","Florida","","Neo-Nazi","","","2013"
"Aryan Nations","Boise","Idaho","","Neo-Nazi","","","2013"
"Aryan Nations","Converse","Louisiana","","Neo-Nazi","","","2013"
"Aryan Nations","Danvers","Massachusetts","","Neo-Nazi","","","2013"
"Aryan Nations","Mercer","Wisconsin","","Neo-Nazi","","","2013"
"Aryan Nations","Midland Park","New Jersey","","Neo-Nazi","","","2013"
"Aryan Nations","Milan","New Hampshire","","Neo-Nazi","","","2013"
"Aryan Nations","Moneta","Virginia","","Neo-Nazi","","","2013"
"Aryan Nations","North Bergen","New Jersey","","Neo-Nazi","","","2013"
"Aryan Nations","Norton","Vermont","","Neo-Nazi","","","2013"
"Aryan Nations","Seattle","Washington","","Neo-Nazi","","","2013"
"Aryan Nations Knights of the KKK","Converse","Louisiana","","Ku Klux Klan ","","","2013"
"Aryan Strikeforce","Somerville","New Jersey","","Racist Skinhead ","","","2013"
"Aryan Strikeforce","","Vermont","","Racist Skinhead ","","Yes","2013"
"Aryan Strikeforce","","Ohio","","Racist Skinhead ","","Yes","2013"
"Aryan Strikeforce","","Florida","","Racist Skinhead ","","Yes","2013"
"Aryan Strikeforce","","California","","Racist Skinhead ","","Yes","2013"
"Aryan Strikeforce","","Kentucky","","Racist Skinhead ","","Yes","2013"
"Aryan Strikeforce","","Pennsylvania","","Racist Skinhead ","","Yes","2013"
"Aryan Strikeforce","","Iowa","","Racist Skinhead ","","Yes","2013"
"Aryan Strikeforce","","New York","","Racist Skinhead ","","Yes","2013"
"Aryan Terror Brigade","Flemington","New Jersey","","Racist Skinhead ","","","2013"
"Aryan Terror Brigade","","Oklahoma","","Racist Skinhead ","","Yes","2013"
"Aryan Terror Brigade","","Oregon","","Racist Skinhead ","","Yes","2013"
"Aryan Terror Brigade","","Virginia","","Racist Skinhead ","","Yes","2013"
"Aryan Terror Brigade","","West Virginia","","Racist Skinhead ","","Yes","2013"
"Aryan Terror Brigade","","Ohio","","Racist Skinhead ","","Yes","2013"
"Aryan Terror Brigade","","Florida","","Racist Skinhead ","","Yes","2013"
"Aryan Terror Brigade","","Missouri","","Racist Skinhead ","","Yes","2013"
"Aryan Terror Brigade","","Louisiana","","Racist Skinhead ","","Yes","2013"
"Aryan Terror Brigade","","Arkansas","","Racist Skinhead ","","Yes","2013"
"Aryan Terror Brigade","","California","","Racist Skinhead ","","Yes","2013"
"Aryan Terror Brigade","","Massachusetts","","Racist Skinhead ","","Yes","2013"
"Aryan Terror Brigade","","Nevada","","Racist Skinhead ","","Yes","2013"
"Aryan Terror Brigade","","Nebraska","","Racist Skinhead ","","Yes","2013"
"Aryan Terror Brigade","","Kentucky","","Racist Skinhead ","","Yes","2013"
"Aryan Terror Brigade","","Pennsylvania","","Racist Skinhead ","","Yes","2013"
"Aryan Terror Brigade","","New York","","Racist Skinhead ","","Yes","2013"
"Aryan Wear","Keller","Texas","","White Nationalist ","","","2013"
"As-Sabiqun","Los Angeles","California","","General Hate ","","","2013"
"As-Sabiqun","Oakland","California","","General Hate ","","","2013"
"As-Sabiqun","Philadelphia","Pennsylvania","","General Hate ","","","2013"
"As-Sabiqun","Sacramento","California","","General Hate ","","","2013"
"As-Sabiqun","San Diego","California","","General Hate ","","","2013"
"As-Sabiqun","Washington DC","District of Columbia","","General Hate ","","","2013"
"Atlanta Area White Student Union","Atlanta","Georgia","","White Nationalist ","","","2013"
"Atlas Shrugs","New York","New York","","Anti-Muslim","","","2013"
"Bare Naked Islam","Marina Del Rey","California","","Anti-Muslim","","","2013"
"Barnes Review/Foundation for Economic Liberty, Inc.","Washington","District of Columbia","Barnes Review/Foundation for Economic Liberty, Inc.","Holocaust Denial","","","2013"
"Barnhardt Capital Management, Inc.","Lone Tree","Colorado","","General Hate ","","","2013"
"Battalion 14","JACKSON","Michigan","","Neo-Nazi","","","2013"
"Bergen County Hooligans","Brooklyn","New York","","Racist Skinhead ","","","2013"
"Bill Keller Ministries","St. Petersburg","Florida","","General Hate ","","","2013"
"Black Riders Liberation Party","Los Angeles","California","","","","","2013"
"Black Riders Liberation Party","Oakland","California","","","","","2013"
"Blood and Honour U.S.A","Altoona","Pennsylvania","","Racist Skinhead ","","","2013"
"Blood and Honour U.S.A","Fords","New Jersey","","Racist Skinhead ","","","2013"
"Blood and Honour U.S.A","Littleton","Colorado","","Racist Skinhead ","","","2013"
"Blood and Honour U.S.A","Richardson","Texas","","Racist Skinhead ","","","2013"
"Blood and Honour U.S.A","Salem","Ohio","","Racist Skinhead ","","","2013"
"Bob's Underground Graduate Seminar/BUGS","Columbia","South Carolina","","White Nationalist ","","","2013"
"National Coalition for Immigration Reform (formerly California Coalition for Immigration Reform)","Huntington Beach","California","","Anti-Immigrant","","","2013"
"Campaign for Radical Truth in History","Coeur D`Alene","Idaho","","Holocaust Denial","","","2013"
"carolynyeager.net","Kerrville","Texas","","Holocaust Denial","","","2013"
"Casa D'Ice Signs","North Versailles","Pennsylvania","","Anti-Muslim","","","2013"
"Castle Hill Publishers","New York","New York","","Holocaust Denial","","","2013"
"Catholic Action Resource Center","Orlando","Florida","","Radical Traditional Catholicism ","","","2013"
"Catholic Counterpoint","Broomall","Pennsylvania","","Radical Traditional Catholicism ","","","2013"
"Catholic Family and Human Rights Institute (C-FAM)","New York","New York","","Anti-LGBTQ","","","2013"
"Catholic Family and Human Rights Institute (C-FAM)","Washington","District of Columbia","","Anti-LGBTQ","","","2013"
"Catholic Family News/Catholic Family Ministries, Inc.","Niagara Falls","New York","","Radical Traditional Catholicism ","","","2013"
"Caucasian Persuasion","New York","New York","","White Nationalist ","","","2013"
"Chalcedon Foundation","Vallecito","California","","Anti-LGBTQ","","","2013"
"Chick Publications","Ontario","California","","General Hate ","","","2013"
"Christ or Chaos","West Chester","Ohio","","Radical Traditional Catholicism ","","","2013"
"Christ the King Church","Larkspur","Colorado","","Anti-LGBTQ","","","2013"
"Christian Action Network","Forest","Virginia","","Anti-Muslim","","","2013"
"Christian Anti-Defamation Commission","Vista","California","","General Hate ","","","2013"
"Christian Books and Things","Harrison","Arkansas","","General Hate ","","","2013"
"Christian Defense League","Mandeville","Louisiana","","Neo-Nazi","","","2013"
"Christian Guardians","San Francisco","California","","Anti-Muslim","","","2013"
"Christian Knights of the Ku Klux Klan","Kings Mountain","North Carolina","","Ku Klux Klan ","","","2013"
"Christian Phalange","Newton","North Carolina","","Anti-Muslim","","","2013"
"Church of Jesus Christ Christian/Aryan Nations","Bainbridge","Ohio","","Christian Identity ","","","2013"
"Church of Jesus Christ Christian/Aryan Nations","Coos Bay","Oregon","","Christian Identity ","","","2013"
"Church of Jesus Christ Christian/Aryan Nations","Johnstown","Pennsylvania","","Christian Identity ","","","2013"
"Church of the Sons of YHVH","Converse","Louisiana","","Christian Identity ","","","2013"
"Citizen Warrior","Nashville","Tennessee","","Anti-Muslim","","","2013"
"Citizens for National Security","Boca Raton","Florida","","Anti-Muslim","","","2013"
"Committee for Open Debate on the Holocaust","Drums","Pennsylvania","","Holocaust Denial","","","2013"
"Concerned American Citizens","Wildomar","California","","Anti-Muslim","","","2013"
"Concerned Citizens and Friends of Illegal Immigration Law Enforcement","Framingham","Massachusetts","","General Hate ","","","2013"
"Concerned Citizens for the First Amendment","Hemet","California","","Anti-Muslim","","","2013"
"Confederate Hammerskins","columbia","South Carolina","","Racist Skinhead ","","","2013"
"Confederate Hammerskins","Elgin","South Carolina","","Racist Skinhead ","","","2013"
"Confederate Hammerskins","Huntsville","Alabama","","Racist Skinhead ","","","2013"
"Confederate Hammerskins","Jacksonville","Florida","","Racist Skinhead ","","","2013"
"Confederate Hammerskins","Nashville","Tennessee","","Racist Skinhead ","","","2013"
"Confederate Hammerskins","Ocala","Florida","","Racist Skinhead ","","","2013"
"Confederate Hammerskins","Orlando","Florida","","Racist Skinhead ","","","2013"
"Confederate Hammerskins","Richmond","Virginia","","Racist Skinhead ","","","2013"
"Confederate Hammerskins","Tampa","Florida","","Racist Skinhead ","","","2013"
"Confederate Hammerskins","","North Carolina","","Racist Skinhead ","","Yes","2013"
"Confederate Hammerskins","","Georgia","","Racist Skinhead ","","Yes","2013"
"Confederate Patriot Voters United","Baldwyn","Mississippi","","White Nationalist ","","","2013"
"Confederate White Knights of the Ku Klux Klan","Baltimore","Maryland","","Ku Klux Klan ","","","2013"
"Conservative Citizens Foundation, Inc.","St. Louis","Missouri","","White Nationalist ","","","2013"
"Council for Social and Economic Studies","Washington, D. C.","District of Columbia","","White Nationalist ","","","2013"
"Council of Conservative Citizens","Beverly Hills","Florida","Council of Conservative Citizens","White Nationalist ","","","2013"
"Council of Conservative Citizens","Birmingham","Alabama","Council of Conservative Citizens","White Nationalist ","","","2013"
"Council of Conservative Citizens","Clemmons","North Carolina","Council of Conservative Citizens","White Nationalist ","","","2013"
"Council of Conservative Citizens","Cullman","Alabama","Council of Conservative Citizens","White Nationalist ","","","2013"
"Council of Conservative Citizens","East Georgia","Georgia","Council of Conservative Citizens","White Nationalist ","","","2013"
"Council of Conservative Citizens","Florence","Alabama","Council of Conservative Citizens","White Nationalist ","","","2013"
"Council of Conservative Citizens","Franklin","Tennessee","Council of Conservative Citizens","White Nationalist ","","","2013"
"Council of Conservative Citizens","Grandbury","Texas","Council of Conservative Citizens","White Nationalist ","","","2013"
"Council of Conservative Citizens","Jasper","Alabama","Council of Conservative Citizens","White Nationalist ","","","2013"
"Council of Conservative Citizens","Knoxville/Chattanooga","Tennessee","Council of Conservative Citizens","White Nationalist ","","","2013"
"Council of Conservative Citizens","Memphis","Tennessee","Council of Conservative Citizens","White Nationalist ","","","2013"
"Council of Conservative Citizens","Montgomery","Alabama","Council of Conservative Citizens","White Nationalist ","","","2013"
"Council of Conservative Citizens","New York","New York","Council of Conservative Citizens","White Nationalist ","","","2013"
"Council of Conservative Citizens","Parishville","New York","Council of Conservative Citizens","White Nationalist ","","","2013"
"Council of Conservative Citizens","Raleigh","North Carolina","Council of Conservative Citizens","White Nationalist ","","","2013"
"Council of Conservative Citizens","Revere","Pennsylvania","Council of Conservative Citizens","White Nationalist ","","","2013"
"Council of Conservative Citizens","San Francisco","California","Council of Conservative Citizens","White Nationalist ","","","2013"
"Council of Conservative Citizens","Shreveport","Louisiana","Council of Conservative Citizens","White Nationalist ","","","2013"
"Council of Conservative Citizens","Silver Spring","Maryland","Council of Conservative Citizens","White Nationalist ","","","2013"
"Council of Conservative Citizens","Springboro","Ohio","Council of Conservative Citizens","White Nationalist ","","","2013"
"Council of Conservative Citizens","St. Louis","Missouri","Council of Conservative Citizens","White Nationalist ","","","2013"
"Council of Conservative Citizens","St. Louis","Missouri","Council of Conservative Citizens","White Nationalist ","","","2013"
"Council of Conservative Citizens","","New Jersey","Council of Conservative Citizens","White Nationalist ","","Yes","2013"
"Council of Conservative Citizens","","Ohio","Council of Conservative Citizens","White Nationalist ","","Yes","2013"
"Counter Jihad Coalition","Santa Monica","California","","Anti-Muslim","","","2013"
"Counter-Currents Publishing","San Francisco","California","","White Nationalist ","","","2013"
"Covenant People's Ministry","Brooks","Georgia","","Christian Identity ","","","2013"
"Crescenta Valley European American Society","La Crescenta","California","","White Nationalist ","","","2013"
"Crescenta Valley European American Society and PLE","","California","","White Nationalist ","","Yes","2013"
"Crew 38","Baltimore","Maryland","","Racist Skinhead ","","","2013"
"Crew 38","Chicago","Illinois","","Racist Skinhead ","","","2013"
"Crew 38","Detroit","Michigan","","Racist Skinhead ","","","2013"
"Crew 38","Huntsville","Alabama","","Racist Skinhead ","","","2013"
"Crew 38","Lakeland","Florida","","Racist Skinhead ","","","2013"
"Crew 38","San Diego","California","","Racist Skinhead ","","","2013"
"Crew 38","Seattle","Washington","","Racist Skinhead ","","","2013"
"Crew 38","wichita","Kansas","","Racist Skinhead ","","","2013"
"Crew 38","","North Carolina","","Racist Skinhead ","","Yes","2013"
"Crew 38","","Idaho","","Racist Skinhead ","","Yes","2013"
"Crew 38","","New Hampshire","","Racist Skinhead ","","Yes","2013"
"Crew 38","","Tennessee","","Racist Skinhead ","","Yes","2013"
"Crew 38","","Mississippi","","Racist Skinhead ","","Yes","2013"
"Crew 38","","Indiana","","Racist Skinhead ","","Yes","2013"
"Crusader Knights of the Ku Klux Klan","Dekalb","Texas","","Ku Klux Klan ","","","2013"
"Cultural Studies Press","New York","New York","","General Hate ","","","2013"
"Culture Wars/Fidelity Press","South Bend","Indiana","","Radical Traditional Catholicism ","","","2013"
"DefendStudents.org","Vista","California","","General Hate ","","","2013"
"Desastrious Records","Springtown","Texas","","Hate Music ","","","2013"
"Die Auserwahlten","Pleasanton","Nebraska","","Racist Skinhead ","","","2013"
"Die Auserwahlten","Pride","Louisiana","","Racist Skinhead ","","","2013"
"Die Auserwahlten","Salt Lake City","Utah","","Racist Skinhead ","","","2013"
"Die Auserwahlten","Spartanburg","South Carolina","","Racist Skinhead ","","","2013"
"Die Auserwahlten","","Florida","","Racist Skinhead ","","Yes","2013"
"Die Auserwahlten","","Colorado","","Racist Skinhead ","","Yes","2013"
"Die Auserwahlten","","Texas","","Racist Skinhead ","","Yes","2013"
"Die Auserwahlten","","Pennsylvania","","Racist Skinhead ","","Yes","2013"
"Die Auserwahlten","","California","","Racist Skinhead ","","Yes","2013"
"Dixie Rangers Knights of the KKK","Walker","Louisiana","","Ku Klux Klan ","","","2013"
"Dixie Republic","Travelers Rest","South Carolina","","Neo-Confederate","","","2013"
"Dove World Outreach Center","Bradenton","Florida","","General Hate ","","","2013"
"East Coast Knights of the True Invisible Empire","Girardville","Pennsylvania","","Ku Klux Klan ","","","2013"
"Eastern Hammerskins","Allentown","Pennsylvania","","Racist Skinhead ","","","2013"
"Eastern Hammerskins","Baltimore","Maryland","","Racist Skinhead ","","","2013"
"Ecclesiastical Council for the Restoration of Covenant Israel (ECRCI)","Chicago","Illinois","","Christian Identity ","","","2013"
"Escaping Islam","Wildomar","California","","Anti-Muslim","","","2013"
"European American Action Coalition","Pittston","Pennsylvania","","White Nationalist ","","","2013"
"European-American Evangelistic Crusades","Carmichael","California","","General Hate ","","","2013"
"European-American Unity and Rights Organization","Cleveland","Ohio","","White Nationalist ","","","2013"
"European-American Unity and Rights Organization","Columbia","South Carolina","","White Nationalist ","","","2013"
"European-American unity and Rights Organization","Columbus","Georgia","","White Nationalist ","","","2013"
"European-American Unity and Rights Organization","Dallas/Fort Worth","Texas","","White Nationalist ","","","2013"
"European-American Unity and Rights Organization","Jacksonville","Florida","","White Nationalist ","","","2013"
"European-American Unity and Rights Organization","Mandeville","Louisiana","","White Nationalist ","","","2013"
"European-American Unity and Rights Organization","Richmond","Virginia","","White Nationalist ","","","2013"
"European-American Unity and Rights Organization","Ripley","Mississippi","","White Nationalist ","","","2013"
"European-American Unity and Rights Organization","Savannah","Georgia","","White Nationalist ","","","2013"
"European-American Unity and Rights Organization","Thibodaux","Louisiana","","White Nationalist ","","","2013"
"European-American Unity and Rights Organization","Tulsa","Oklahoma","","White Nationalist ","","","2013"
"European-American Unity and Rights Organization","Woodruff","South Carolina","","White Nationalist ","","","2013"
"Faith and Heritage","SE","Texas","","White Nationalist ","","","2013"
"Faith Baptist Church and Ministry","Houston","Missouri","","Christian Identity ","","","2013"
"Faith Freedom","Bellevue","Washington","","Anti-Muslim","","","2013"
"Faithful Word Baptist Church","Tempe","Arizona","","Anti-LGBTQ","","","2013"
"Family Home Northwest","Payette","Idaho","","White Nationalist ","","","2013"
"Family Research Council","Washington","District of Columbia","Family Research Council","Anti-LGBTQ","","","2013"
"Family Research Institute","Colorado Springs","Colorado","","Anti-LGBTQ","","","2013"
"Family Watch International","Gilbert","Arizona","Family Watch International","Anti-LGBTQ","","","2013"
"Federation for American Immigration Reform","Washington, D.C.","District of Columbia","Federation for American Immigration Reform","Anti-Immigrant","","","2013"
"Fellowship of God's Covenant People","Union","Kentucky","","Christian Identity ","","","2013"
"First Century Christian Ministries","The Woodlands","Texas","","Christian Identity ","","","2013"
"Florida Family Association","Tampa","Florida","","Anti-Muslim","","","2013"
"Fort Christmas Knights Ku Klux Klan","Christmas","Florida","","Ku Klux Klan ","","","2013"
"Fraternal White Knights of the KKK","Amelia","Ohio","","Ku Klux Klan ","","","2013"
"Fraternal White Knights of the KKK","Lucedale","Mississippi","","Ku Klux Klan ","","","2013"
"Fraternal White Knights of the KKK","Plattsburgh","New York","","Ku Klux Klan ","","","2013"
"Fraternal White Knights of the KKK","Slaughter","Louisiana","","Ku Klux Klan ","","","2013"
"Fraternal White Knights of the KKK","Woodbury","Tennessee","","Ku Klux Klan ","","","2013"
"Fraternal White Knights of the KKK","","Iowa","","Ku Klux Klan ","","Yes","2013"
"Fraternal White Knights of the KKK","","Illinois","","Ku Klux Klan ","","Yes","2013"
"Fraternal White Knights of the KKK","","Alabama","","Ku Klux Klan ","","Yes","2013"
"Fraternal White Knights of the KKK","","Missouri","","Ku Klux Klan ","","Yes","2013"
"Fraternal White Knights of the KKK","","Florida","","Ku Klux Klan ","","Yes","2013"
"Fraternal White Knights of the KKK","","Georgia","","Ku Klux Klan ","","Yes","2013"
"Free America Rally","","Washington","","White Nationalist ","","Yes","2013"
"Free America Rally","","California","","White Nationalist ","","Yes","2013"
"Free America Rally","","Pennsylvania","","White Nationalist ","","Yes","2013"
"Free America Rally","","Tennessee","","White Nationalist ","","Yes","2013"
"Free America Rally","","Oregon","","White Nationalist ","","Yes","2013"
"Free America Rally","","Massachusetts","","White Nationalist ","","Yes","2013"
"Free America Rally","","West Virginia","","White Nationalist ","","Yes","2013"
"Free American","Tucson","Arizona","","White Nationalist ","","","2013"
"Free Edgar Steele","Sagle","Idaho","","White Nationalist ","","","2013"
"Freedom Defense Initiative (FDI)","New York","New York","","Anti-Muslim","","","2013"
"Fundamentalist Latter Day Saints","Colorado City","Arizona","Fundamentalist Church of Jesus Christ of Latter-Day Saints","General Hate ","","","2013"
"Fundamentalist Latter Day Saints","Hildale","Utah","Fundamentalist Church of Jesus Christ of Latter-Day Saints","General Hate ","","","2013"
"Gallows Tree Wotansvolk Alliance","Grand Rapids","Michigan","","Neo-Völkisch","","","2013"
"Gallows Tree Wotansvolk Alliance","","Wisconsin","","Neo-Völkisch","","Yes","2013"
"Gallows Tree Wotansvolk Alliance","","Rhode Island","","Neo-Völkisch","","Yes","2013"
"Gallows Tree Wotansvolk Alliance","","Indiana","","Neo-Völkisch","","Yes","2013"
"Geauga Constitutional Council","Mayfield Heights","Ohio","","General Hate ","","","2013"
"Generations With Vision","Elizabeth","Colorado","","Anti-LGBTQ","","","2013"
"Georgia Militia","Camden County","Georgia","","General Hate ","","","2013"
"Georgia Militia","","Georgia","","General Hate ","","Yes","2013"
"Georgia Militia","","Georgia","","General Hate ","","Yes","2013"
"Georgia Militia","","Georgia","","General Hate ","","Yes","2013"
"Georgia Militia","","Georgia","","General Hate ","","Yes","2013"
"Georgia Militia","","Georgia","","General Hate ","","Yes","2013"
"Georgia Militia","","Georgia","","General Hate ","","Yes","2013"
"Georgia Militia","","Georgia","","General Hate ","","Yes","2013"
"Georgia Militia","","Georgia","","General Hate ","","Yes","2013"
"Georgia Militia","","Georgia","","General Hate ","","Yes","2013"
"Georgia Militia","","Georgia","","General Hate ","","Yes","2013"
"Georgia Militia","","Georgia","","General Hate ","","Yes","2013"
"Get Some 88","Castaic","California","","Hate Music ","","","2013"
"Gold is Money","Lone Tree","Colorado","","Anti-Muslim","","","2013"
"Golden Dawn","Astoria","New York","","Neo-Nazi","","","2013"
"Golden Dawn","Los Angeles","California","","Neo-Nazi","","","2013"
"Golden State Solidarity","Oakland","California","","Racist Skinhead ","","","2013"
"H.L. Mencken Club","Elizabethtown","Pennsylvania","","White Nationalist ","","","2013"
"Hated and Proud Skins","Summit","Illinois","","Racist Skinhead ","","","2013"
"Heathens Motorcycle Club","Rome","Georgia","","Neo-Nazi","","","2013"
"Help Rescue Our Children","Monsey","New York","","Anti-LGBTQ","","","2013"
"Heritage and Destiny","Falls Church","Virginia","","White Nationalist ","","","2013"
"Heritage Connection","Harrison","Arkansas","","Hate Music ","","","2013"
"Heterosexuals Organized for a Moral Environment (H.O.M.E.)","Downers Grove","Illinois","","Anti-LGBTQ","","","2013"
"Holy Nation of Odin","Kingsburg","California","","General Hate ","","","2013"
"Holy Order Ministry","De Kalb","Texas","","Christian Identity ","","","2013"
"Identity Nation","Cookeville","Tennessee","","Christian Identity ","","","2013"
"Identity Nation","Evansville","Indiana","","Christian Identity ","","","2013"
"Identity Nation","Franklin","Indiana","","Christian Identity ","","","2013"
"Identity Nation","Indianapolis","Indiana","","Christian Identity ","","","2013"
"Identity Nation","Knoxville","Tennessee","","Christian Identity ","","","2013"
"Identity Nation","Kokomo","Indiana","","Christian Identity ","","","2013"
"Identity Nation","Martinsville","Indiana","","Christian Identity ","","","2013"
"Identity Nation","Nashville","Tennessee","","Christian Identity ","","","2013"
"Identity Nation","Rochester","Indiana","","Christian Identity ","","","2013"
"Identity Nation","Shelbyville","Indiana","","Christian Identity ","","","2013"
"IHM Media","Richmond","New Hampshire","","Radical Traditional Catholicism ","","","2013"
"IHS Press","Norfolk","Virginia","","Radical Traditional Catholicism ","","","2013"
"Illinois Family Institute","Carol Stream","Illinois","","Anti-LGBTQ","","","2013"
"In the Spirit of Chartres Committee","Carrolton","Virginia","","Radical Traditional Catholicism ","","","2013"
"Inconvenient History","San Ysidro","California","","Holocaust Denial","","","2013"
"Insight USA","Longwood","Florida","","General Hate ","","","2013"
"Institute for Historical Review","Fountain Valley","California","Institute for Historical Review","Holocaust Denial","","","2013"
"Institute for Historical Review Store","Newport Beach","California","","Holocaust Denial","","","2013"
"International Keystone Knights of the KKK","Pinson","Alabama","","Ku Klux Klan ","","","2013"
"International Keystone Knights of the KKK","Blairsville","Georgia","","Ku Klux Klan ","","","2013"
"International Keystone Knights of the KKK","Cleveland","Ohio","","Ku Klux Klan ","","","2013"
"International Keystone Knights of the KKK","Elwood","Indiana","","Ku Klux Klan ","","","2013"
"International Keystone Knights of the KKK","Young Harris","Georgia","","Ku Klux Klan ","","","2013"
"International Keystone Knights of the KKK","Vanndale","Arkansas","","Ku Klux Klan ","","","2013"
"Invictus Books","Wentzville","Missouri","","General Hate ","","","2013"
"Invisible Knights of the Fiery Cross","Gladwin","Michigan","","Ku Klux Klan ","","","2013"
"Irving Books","Key West","Florida","","Holocaust Denial","","","2013"
"ISD Records","Lancaster","Ohio","","Hate Music ","","","2013"
"Islam: Making a True Difference in the World -- One Body at a Time","Marietta","Georgia","","Anti-Muslim","","","2013"
"islam: the Religion of Peace (and a big stack of dead bodies)","Marietta","Georgia","","Anti-Muslim","","","2013"
"Islamthreat.com","Walnut Creek","California","","Anti-Muslim","","","2013"
"Jamaat al-Muslimeen","Baltimore","Maryland","","General Hate ","","","2013"
"Jewish Task Force","Fresh Meadows","New York","","General Hate ","","","2013"
"Jihad Watch","Sherman Oaks","California","","Anti-Muslim","","","2013"
"Keystone State Skinheads","Harrisburg","Pennsylvania","","Racist Skinhead ","","","2013"
"Keystone State Skinheads","Philadelphia","Pennsylvania","","Racist Skinhead ","","","2013"
"Kingdom Identity Ministries","Harrison","Arkansas","Kingdom Identity Ministries ","Christian Identity ","","","2013"
"Kingdom Treasure Ministries","Owasso","Oklahoma","","Neo-Confederate","","","2013"
"Kinsman Redeemer Ministries","Alexandria","Kentucky","","Christian Identity ","","","2013"
"Knight Riders Knights of the KKK","Abingdon","Virginia","","Ku Klux Klan ","","","2013"
"Knight Riders Knights of the KKK","Brunswick","Georgia","","Ku Klux Klan ","","","2013"
"Knight Riders Knights of the KKK","Byron","Georgia","","Ku Klux Klan ","","","2013"
"Knight Riders Knights of the KKK","Dallas","Texas","","Ku Klux Klan ","","","2013"
"Knight Riders Knights of the KKK","Eldorado","Illinois","","Ku Klux Klan ","","","2013"
"Knight Riders Knights of the KKK","Ellijay","Georgia","","Ku Klux Klan ","","","2013"
"Knight Riders Knights of the KKK","Fort Myers","Florida","","Ku Klux Klan ","","","2013"
"Knight Riders Knights of the KKK","Lemont","Illinois","","Ku Klux Klan ","","","2013"
"Knight Riders Knights of the KKK","Little Rock","Arkansas","","Ku Klux Klan ","","","2013"
"Knight Riders Knights of the KKK","Live Oak","Florida","","Ku Klux Klan ","","","2013"
"Knight Riders Knights of the KKK","Rochelle","Georgia","","Ku Klux Klan ","","","2013"
"Knight Riders Knights of the KKK","Shady Valley","Tennessee","","Ku Klux Klan ","","","2013"
"Knight Riders Knights of the KKK","Nashville","Tennessee","","Ku Klux Klan ","","","2013"
"Knights of the Holy Identity","","Indiana","","Christian Identity ","","Yes","2013"
"Knights of the Ku Klux Klan","Concord","Arkansas","Knights of the Ku Klux Klan","Ku Klux Klan ","","","2013"
"Knights of the Ku Klux Klan","Harrison","Arkansas","Knights of the Ku Klux Klan","Ku Klux Klan ","","","2013"
"Knights Party Veterans League","Harrison","Arkansas","","Ku Klux Klan ","","","2013"
"Ku Klos Knights of the KKK","Beaver Falls","Pennsylvania","","Ku Klux Klan ","","","2013"
"Ku Klos Knights of the KKK","Cape Coral","Florida","","Ku Klux Klan ","","","2013"
"Ku Klos Knights of the KKK","Church Hill","Tennessee","","Ku Klux Klan ","","","2013"
"Ku Klos Knights of the KKK","Gatesville","Texas","","Ku Klux Klan ","","","2013"
"Ku Klos Knights of the KKK","Johnson City","Tennessee","","Ku Klux Klan ","","","2013"
"Ku Klos Knights of the KKK","Kokomo","Indiana","","Ku Klux Klan ","","","2013"
"Ku Klos Knights of the KKK","LaFayette","Tennessee","","Ku Klux Klan ","","","2013"
"Ku Klos Knights of the KKK","Lenoir","North Carolina","","Ku Klux Klan ","","","2013"
"Ku Klos Knights of the KKK","Memphis","Tennessee","","Ku Klux Klan ","","","2013"
"Ku Klos Knights of the KKK","Monroe City","Indiana","","Ku Klux Klan ","","","2013"
"Ku Klos Knights of the KKK","Munfordville","Kentucky","","Ku Klux Klan ","","","2013"
"Ku Klos Knights of the KKK","Oil City","Pennsylvania","","Ku Klux Klan ","","","2013"
"Ku Klos Knights of the KKK","","Tennessee","","Ku Klux Klan ","","Yes","2013"
"Label 56","","Maryland","","Hate Music ","","Yes","2013"
"League of the South","Archer","Florida","League of the South","Neo-Confederate","","","2013"
"League of the South","Bowdon","Georgia","League of the South","Neo-Confederate","","","2013"
"League of the South","Clements","Maryland","League of the South","Neo-Confederate","","","2013"
"League of the South","Collinsville","Mississippi","League of the South","Neo-Confederate","","","2013"
"League of the South","Columbia","South Carolina","League of the South","Neo-Confederate","","","2013"
"League of the South","Crofton","Kentucky","League of the South","Neo-Confederate","","","2013"
"League of the South","Jacksonville","Florida","League of the South","Neo-Confederate","","","2013"
"League of the South","Killen","Alabama","League of the South","Neo-Confederate","","","2013"
"League of the South","LaPorte","Texas","League of the South","Neo-Confederate","","","2013"
"League of the South","Lobelville","Tennessee","League of the South","Neo-Confederate","","","2013"
"League of the South","Logansport","Louisiana","League of the South","Neo-Confederate","","","2013"
"League of the South","Macon","Georgia","League of the South","Neo-Confederate","","","2013"
"League of the South","Scotts Valley","California","League of the South","Neo-Confederate","","","2013"
"League of the South","Statesboro","Georgia","League of the South","Neo-Confederate","","","2013"
"League of the South","Weogufka","Alabama","League of the South","Neo-Confederate","","","2013"
"League of the South","West Plains","Missouri","League of the South","Neo-Confederate","","","2013"
"League of the South","Wetumpka","Alabama","League of the South","Neo-Confederate","","","2013"
"League of the South","Wilmington","North Carolina","League of the South","Neo-Confederate","","","2013"
"League of the South/Southern Culture Center","Abbeville","South Carolina","","Neo-Confederate","","","2013"
"Liberty Counsel","Orlando","Florida","Liberty Counsel","Anti-LGBTQ","","","2013"
"Livin' the Legacy","Nashville","Indiana","","Neo-Confederate","","","2013"
"Lone Star United","Dallas","Texas","","Racist Skinhead ","","","2013"
"Lone Star United","Ft. Worth","Texas","","Racist Skinhead ","","","2013"
"Lone Star United","Houston","Texas","","Racist Skinhead ","","","2013"
"Lone Wolf Brigade Knights - Knights of the KKK","","Pennsylvania","","Ku Klux Klan ","","Yes","2013"
"Lone Wolf Brigade Knights - Knights of the KKK","Livingston","Texas","","Ku Klux Klan ","","","2013"
"Loyal White Knights of the KKK","Benson","North Carolina","","Ku Klux Klan ","","","2013"
"Loyal White Knights of the KKK","Birmingham","Alabama","","Ku Klux Klan ","","","2013"
"Loyal White Knights of the KKK","Bloomington","Illinois","","Ku Klux Klan ","","","2013"
"Loyal White Knights of the KKK","Burlington","North Carolina","","Ku Klux Klan ","","","2013"
"Loyal White Knights of the KKK","Eckert","Colorado","","Ku Klux Klan ","","","2013"
"Loyal White Knights of the KKK","Eden","North Carolina","","Ku Klux Klan ","","","2013"
"Loyal White Knights of the KKK","Friedens","Pennsylvania","","Ku Klux Klan ","","","2013"
"Loyal White Knights of the KKK","Glens Fork","Kentucky","","Ku Klux Klan ","","","2013"
"Loyal White Knights of the KKK","Kokomo","Indiana","","Ku Klux Klan ","","","2013"
"Loyal White Knights of the KKK","Nashville","Tennessee","","Ku Klux Klan ","","","2013"
"Loyal White Knights of the KKK","New Smyrna Beach","Florida","","Ku Klux Klan ","","","2013"
"Loyal White Knights of the KKK","Pelham","North Carolina","","Ku Klux Klan ","","","2013"
"Loyal White Knights of the KKK","Portsmouth","Virginia","","Ku Klux Klan ","","","2013"
"Loyal White Knights of the KKK","Roanoke Rapids","North Carolina","","Ku Klux Klan ","","","2013"
"Loyal White Knights of the KKK","Silver City","New Mexico","","Ku Klux Klan ","","","2013"
"Loyal White Knights of the KKK","Staunton","Virginia","","Ku Klux Klan ","","","2013"
"Loyal White Knights of the KKK","","Delaware","","Ku Klux Klan ","","Yes","2013"
"Loyal White Knights of the KKK","","Arizona","","Ku Klux Klan ","","Yes","2013"
"Loyal White Knights of the KKK","","South Carolina","","Ku Klux Klan ","","Yes","2013"
"Loyal White Knights of the KKK","","Connecticut","","Ku Klux Klan ","","Yes","2013"
"Loyal White Knights of the KKK","","Massachusetts","","Ku Klux Klan ","","Yes","2013"
"Loyal White Knights of the KKK","","New York","","Ku Klux Klan ","","Yes","2013"
"Loyal White Knights of the KKK","","Virginia","","Ku Klux Klan ","","Yes","2013"
"Loyal White Knights of the KKK","","Colorado","","Ku Klux Klan ","","Yes","2013"
"Loyal White Knights of the KKK","","New Hampshire","","Ku Klux Klan ","","Yes","2013"
"Loyal White Knights of the KKK","","West Virginia","","Ku Klux Klan ","","Yes","2013"
"Loyal White Knights of the KKK","","New Jersey","","Ku Klux Klan ","","Yes","2013"
"Loyal White Knights of the KKK","","Alabama","","Ku Klux Klan ","","Yes","2013"
"Loyal White Knights of the KKK","","California","","Ku Klux Klan ","","Yes","2013"
"Loyal White Knights of the KKK","","Arkansas","","Ku Klux Klan ","","Yes","2013"
"Loyal White Knights of the KKK","","Georgia","","Ku Klux Klan ","","Yes","2013"
"Loyal White Knights of the KKK","","Oklahoma","","Ku Klux Klan ","","Yes","2013"
"Loyal White Knights of the KKK","","Iowa","","Ku Klux Klan ","","Yes","2013"
"Loyal White Knights of the KKK","","Texas","","Ku Klux Klan ","","Yes","2013"
"Loyal White Knights of the KKK","","Pennsylvania","","Ku Klux Klan ","","Yes","2013"
"Loyal White Knights of the KKK","","Rhode Island","","Ku Klux Klan ","","Yes","2013"
"Loyal White Knights of the KKK","","Kentucky","","Ku Klux Klan ","","Yes","2013"
"Loyal White Knights of the KKK","","Nebraska","","Ku Klux Klan ","","Yes","2013"
"Loyal White Knights of the KKK","","Nevada","","Ku Klux Klan ","","Yes","2013"
"Loyal White Knights of the KKK","","Maine","","Ku Klux Klan ","","Yes","2013"
"Loyal White Knights of the KKK","","Illinois","","Ku Klux Klan ","","Yes","2013"
"Loyal White Knights of the KKK","","Louisiana","","Ku Klux Klan ","","Yes","2013"
"Loyal White Knights of the KKK","","Kansas","","Ku Klux Klan ","","Yes","2013"
"Loyal White Knights of the KKK","","Missouri","","Ku Klux Klan ","","Yes","2013"
"Loyal White Knights of the KKK","","Florida","","Ku Klux Klan ","","Yes","2013"
"Loyal White Knights of the KKK","","Ohio","","Ku Klux Klan ","","Yes","2013"
"Loyal White Knights of the KKK","","Tennessee","","Ku Klux Klan ","","Yes","2013"
"Loyal White Knights of the KKK","","Maryland","","Ku Klux Klan ","","Yes","2013"
"Loyal White Knights of the KKK","","Utah","","Ku Klux Klan ","","Yes","2013"
"Loyal White Knights of the KKK","","Minnesota","","Ku Klux Klan ","","Yes","2013"
"Loyal White Knights of the KKK","","Vermont","","Ku Klux Klan ","","Yes","2013"
"Loyal White Knights of the KKK","","New Mexico","","Ku Klux Klan ","","Yes","2013"
"M.A.C.S. Klan Merchandise","","Louisiana","","General Hate ","","Yes","2013"
"Malevolent Freedom","Lowell","Massachusetts","","White Nationalist ","","","2013"
"Mary Noel Kershaw Foundation","Lobelville","Tennessee","","Neo-Confederate","","","2013"
"Maryland National Socialist Party","Elkridge","Maryland","","Neo-Nazi","","","2013"
"Maryland State Skinheads","Baltimore","Maryland","","Racist Skinhead ","","","2013"
"Masjid al Islam","Oakland","California","","General Hate ","","","2013"
"Masjid al Islam","Washington, D. C.","District of Columbia","","General Hate ","","","2013"
"Mass Resistance","Waltham","Massachusetts","","Anti-LGBTQ","","","2013"
"Micetrap Distribution","Maple Shade","New Jersey","","Hate Music ","","","2013"
"Middle American News","Raleigh","North Carolina","","White Nationalist ","","","2013"
"Midland Hammerskins","Kansas City","Missouri","","Racist Skinhead ","","","2013"
"Midland Hammerskins","Tulsa","Oklahoma","","Racist Skinhead ","","","2013"
"Midland Hammerskins","Wichita","Kansas","","Racist Skinhead ","","","2013"
"Midland hammerskins","","South Dakota","","Racist Skinhead ","","Yes","2013"
"Mission to Israel","Scottsbluff","Nebraska","","Christian Identity ","","","2013"
"Mission: America","Columbus","Ohio","","Anti-LGBTQ","","","2013"
"Mississippi White Knights of the KKK","Brookhaven","Mississippi","","Ku Klux Klan ","","","2013"
"Mississippi White Knights of the KKK","Bruce","Mississippi","","Ku Klux Klan ","","","2013"
"Mississippi White Knights of the KKK","Jackson","Mississippi","","Ku Klux Klan ","","","2013"
"Mississippi White Knights of the KKK","Meridian","Mississippi","","Ku Klux Klan ","","","2013"
"Mississippi White Knights of the KKK","Pearl","Mississippi","","Ku Klux Klan ","","","2013"
"Mississippi White Knights of the KKK","Petal","Mississippi","","Ku Klux Klan ","","","2013"
"Mississippi White Knights of the KKK","Philadelphia","Mississippi","","Ku Klux Klan ","","","2013"
"Mississippi White Knights of the KKK","Shannon","Mississippi","","Ku Klux Klan ","","","2013"
"Mississippi White Knights of the KKK","Star","Mississippi","","Ku Klux Klan ","","","2013"
"Most Holy Family Monastery","Fillmore","New York","","Radical Traditional Catholicism ","","","2013"
"MSR Productions","Wheat Ridge","Colorado","","Hate Music ","","","2013"
"Mystic Knights of the KKK","Dayton","Ohio","","Ku Klux Klan ","","","2013"
"NAAWP Florida Chapter Inc.","Jacksonville","Florida","","White Nationalist ","","","2013"
"Nation of Islam","Akron","Ohio","Nation of Islam","","","","2013"
"Nation of Islam","Atlanta","Georgia","Nation of Islam","","","","2013"
"Nation Of Islam","Augusta","Georgia","","","","","2013"
"Nation of Islam","Aurora","Colorado","Nation of Islam","","","","2013"
"Nation of Islam","Austin","Texas","Nation of Islam","","","","2013"
"Nation of Islam","Baltimore","Maryland","Nation of Islam","","","","2013"
"Nation of Islam","Birmingham","Alabama","Nation of Islam","","","","2013"
"Nation of Islam","Boston","Massachusetts","Nation of Islam","","","","2013"
"Nation of Islam","Bridgeport","Connecticut","Nation of Islam","","","","2013"
"Nation of Islam","Brooklyn","New York","Nation of Islam","","","","2013"
"Nation of Islam","Buffalo","New York","Nation of Islam","","","","2013"
"Nation of Islam","Camden","New Jersey","Nation of Islam","","","","2013"
"Nation of Islam","Charleston","South Carolina","Nation of Islam","","","","2013"
"Nation of Islam","Charlotte","North Carolina","Nation of Islam","","","","2013"
"Nation of Islam","Chattanooga","Tennessee","Nation of Islam","","","","2013"
"Nation of Islam","Chicago","Illinois","Nation of Islam","","","","2013"
"Nation of Islam","Cincinnati","Ohio","Nation of Islam","","","","2013"
"Nation of Islam","Columbus","Georgia","Nation of Islam","","","","2013"
"Nation of Islam","Compton","California","Nation of Islam","","","","2013"
"Nation of Islam","Dallas","Texas","Nation of Islam","","","","2013"
"Nation of Islam","Dayton","Ohio","Nation of Islam","","","","2013"
"Nation of Islam","Detroit","Michigan","Nation of Islam","","","","2013"
"Nation of Islam","Durham","North Carolina","Nation of Islam","","","","2013"
"Nation Of Islam","East St. Louis","Illinois","","","","","2013"
"Nation of Islam","Fort Lauderdale","Florida","Nation of Islam","","","","2013"
"Nation of Islam","Fort Worth","Texas","Nation of Islam","","","","2013"
"Nation of Islam","Grand Rapids","Michigan","Nation of Islam","","","","2013"
"Nation of Islam","Greenville","North Carolina","Nation of Islam","","","","2013"
"Nation of Islam","Harlem","New York","Nation of Islam","","","","2013"
"Nation of Islam","Harrisburg","Pennsylvania","Nation of Islam","","","","2013"
"Nation of Islam","Houston","Texas","Nation of Islam","","","","2013"
"Nation of Islam","Indianapolis","Indiana","Nation of Islam","","","","2013"
"Nation of Islam","Jackson","Mississippi","Nation of Islam","","","","2013"
"Nation of Islam","Kansas City","Missouri","Nation of Islam","","","","2013"
"Nation of Islam","Las Vegas","Nevada","Nation of Islam","","","","2013"
"Nation of Islam","Lexington","Kentucky","Nation of Islam","","","","2013"
"Nation of Islam","Little Rock","Arkansas","Nation of Islam","","","","2013"
"Nation of Islam","Los Angeles","California","Nation of Islam","","","","2013"
"Nation of Islam","Memphis","Tennessee","Nation of Islam","","","","2013"
"Nation of Islam","Miami","Florida","Nation of Islam","","","","2013"
"Nation of Islam","Nashville","Tennessee","Nation of Islam","","","","2013"
"Nation of Islam","New Orleans","Louisiana","Nation of Islam","","","","2013"
"Nation of Islam","Newark","New Jersey","Nation of Islam","","","","2013"
"Nation of Islam","Norfolk","Virginia","Nation of Islam","","","","2013"
"Nation of Islam","Omaha","Nebraska","Nation of Islam","","","","2013"
"Nation of Islam","Orlando","Florida","Nation of Islam","","","","2013"
"Nation of Islam","Pensacola","Florida","Nation of Islam","","","","2013"
"Nation of Islam","Peoria","Illinois","Nation of Islam","","","","2013"
"Nation of Islam","Philadelphia","Pennsylvania","Nation of Islam","","","","2013"
"Nation of Islam","Phoenix","Arizona","Nation of Islam","","","","2013"
"Nation of Islam","Pine Bluff","Arkansas","Nation of Islam","","","","2013"
"Nation of Islam","Pittsburgh","Pennsylvania","Nation of Islam","","","","2013"
"Nation of Islam","Plainfield","New Jersey","Nation of Islam","","","","2013"
"Nation of Islam","Raleigh","North Carolina","Nation of Islam","","","","2013"
"Nation of Islam","Rialto","California","Nation of Islam","","","","2013"
"Nation of Islam","Richmond","Virginia","Nation of Islam","","","","2013"
"Nation of Islam","Rockford","Illinois","Nation of Islam","","","","2013"
"Nation of Islam","Sacramento","California","Nation of Islam","","","","2013"
"Nation of Islam","San Diego","California","Nation of Islam","","","","2013"
"Nation of Islam","Southaven","Mississippi","Nation of Islam","","","","2013"
"Nation of Islam","Springfield","Massachusetts","Nation of Islam","","","","2013"
"Nation of Islam","St. Louis","Missouri","Nation of Islam","","","","2013"
"Nation of Islam","St. Petersburg","Florida","Nation of Islam","","","","2013"
"Nation Of Islam","Tuscaloosa","Alabama","","","","","2013"
"Nation of Islam","Washington","District of Columbia","Nation of Islam","","","","2013"
"Nation of Islam","Wilmington","Delaware","Nation of Islam","","","","2013"
"Nation of Islam","Winston-Salem","North Carolina","Nation of Islam","","","","2013"
"Nation of Islam","Youngstown","Ohio","Nation of Islam","","","","2013"
"National Alliance","Hillsboro","West Virginia","National Alliance","Neo-Nazi","","","2013"
"National Alliance","Las Vegas","Nevada","National Alliance","Neo-Nazi","","","2013"
"National Alliance","Los Angeles","California","National Alliance","Neo-Nazi","","","2013"
"National Alliance","Parma","Ohio","National Alliance","Neo-Nazi","","","2013"
"National Alliance","Raleigh","North Carolina","National Alliance","Neo-Nazi","","","2013"
"National Black Foot Soldier Network","Ardmore","Oklahoma","","","","","2013"
"National Black Foot Soldier Network","Dallas","Texas","","","","","2013"
"National Black Foot Soldier Network","Harlem","New York","","","","","2013"
"National Black Foot Soldier Network","Knoxville","Tennessee","","","","","2013"
"National Policy Institute","Whitefish","Montana","","White Nationalist ","","","2013"
"National Prayer Network","Clackamas","Oregon","","General Hate ","","","2013"
"National Socialist Freedom Movement","Tulsa","Oklahoma","","Neo-Nazi","","","2013"
"National Socialist Freedom Movement","","Ohio","","Neo-Nazi","","Yes","2013"
"National Socialist Freedom Movement","","South Carolina","","Neo-Nazi","","Yes","2013"
"National Socialist Freedom Movement","","Delaware","","Neo-Nazi","","Yes","2013"
"National Socialist Freedom Movement","","Arizona","","Neo-Nazi","","Yes","2013"
"National Socialist Freedom Movement","","Texas","","Neo-Nazi","","Yes","2013"
"National Socialist Freedom Movement","","California","","Neo-Nazi","","Yes","2013"
"National Socialist Freedom Movement","","Louisiana","","Neo-Nazi","","Yes","2013"
"National Socialist Freedom Movement","","Maryland","","Neo-Nazi","","Yes","2013"
"National Socialist Freedom Movement","","Tennessee","","Neo-Nazi","","Yes","2013"
"National Socialist Freedom Movement","","Georgia","","Neo-Nazi","","Yes","2013"
"National Socialist German Workers Party","Lincoln","Nebraska","","Neo-Nazi","","","2013"
"National Socialist Movement","Bayonne","New Jersey","National Socialist Movement","Neo-Nazi","","","2013"
"National Socialist Movement","Browns Mills","New Jersey","National Socialist Movement","Neo-Nazi","","","2013"
"National Socialist Movement","Central New Jersey","New Jersey","National Socialist Movement","Neo-Nazi","","","2013"
"National Socialist Movement","Central Tennessee","Tennessee","National Socialist Movement","Neo-Nazi","","","2013"
"National Socialist Movement","Charleston","South Carolina","National Socialist Movement","Neo-Nazi","","","2013"
"National Socialist Movement","Chicago","Illinois","National Socialist Movement","Neo-Nazi","","","2013"
"National Socialist Movement","Clifton","New Jersey","National Socialist Movement","Neo-Nazi","","","2013"
"National Socialist Movement","Detroit","Michigan","National Socialist Movement","Neo-Nazi","","","2013"
"National Socialist Movement","East Pennsylvania","Pennsylvania","National Socialist Movement","Neo-Nazi","","","2013"
"National Socialist Movement","Higley","Arizona","National Socialist Movement","Neo-Nazi","","","2013"
"National Socialist Movement","Holland Township","New Jersey","National Socialist Movement","Neo-Nazi","","","2013"
"National Socialist Movement","Lansing","Kansas","National Socialist Movement","Neo-Nazi","","","2013"
"National Socialist Movement","Mobile","Alabama","National Socialist Movement","Neo-Nazi","","","2013"
"National Socialist Movement","Myrtle Beach","South Carolina","National Socialist Movement","Neo-Nazi","","","2013"
"National Socialist Movement","New Berlin","Wisconsin","National Socialist Movement","Neo-Nazi","","","2013"
"National Socialist Movement","Newark","New Jersey","National Socialist Movement","Neo-Nazi","","","2013"
"National Socialist Movement","North Georgia","Georgia","National Socialist Movement","Neo-Nazi","","","2013"
"National Socialist Movement","San Diego","California","National Socialist Movement","Neo-Nazi","","","2013"
"National Socialist Movement","Savannah","Georgia","National Socialist Movement","Neo-Nazi","","","2013"
"National Socialist Movement","Springfield","Missouri","National Socialist Movement","Neo-Nazi","","","2013"
"National Socialist Movement","Tampa Bay","Florida","National Socialist Movement","Neo-Nazi","","","2013"
"National Socialist Movement","Tucson","Arizona","National Socialist Movement","Neo-Nazi","","","2013"
"National Socialist Movement","Vancouver","Washington","National Socialist Movement","Neo-Nazi","","","2013"
"National Socialist Movement","Wakarusa","Indiana","National Socialist Movement","Neo-Nazi","","","2013"
"National Socialist Movement","","Oregon","National Socialist Movement","Neo-Nazi","","Yes","2013"
"National Socialist Movement","","Virginia","National Socialist Movement","Neo-Nazi","","Yes","2013"
"National Socialist Movement","","West Virginia","National Socialist Movement","Neo-Nazi","","Yes","2013"
"National Socialist Movement","","Idaho","National Socialist Movement","Neo-Nazi","","Yes","2013"
"National Socialist Movement","","New Hampshire","National Socialist Movement","Neo-Nazi","","Yes","2013"
"National Socialist Movement","","Delaware","National Socialist Movement","Neo-Nazi","","Yes","2013"
"National Socialist Movement","","Colorado","National Socialist Movement","Neo-Nazi","","Yes","2013"
"National Socialist Movement","","Connecticut","National Socialist Movement","Neo-Nazi","","Yes","2013"
"National Socialist Movement","","New York","National Socialist Movement","Neo-Nazi","","Yes","2013"
"National Socialist Movement","","Iowa","National Socialist Movement","Neo-Nazi","","Yes","2013"
"National Socialist Movement","","Vermont","National Socialist Movement","Neo-Nazi","","Yes","2013"
"National Socialist Movement","","New Jersey","National Socialist Movement","Neo-Nazi","","Yes","2013"
"National Socialist Movement","","Massachusetts","National Socialist Movement","Neo-Nazi","","Yes","2013"
"National Socialist Movement","","Nebraska","National Socialist Movement","Neo-Nazi","","Yes","2013"
"National Socialist Movement","","Kentucky","National Socialist Movement","Neo-Nazi","","Yes","2013"
"National Socialist Movement","","North Carolina","National Socialist Movement","Neo-Nazi","","Yes","2013"
"National Socialist Movement","","Montana","National Socialist Movement","Neo-Nazi","","Yes","2013"
"National Socialist Movement","","Rhode Island","National Socialist Movement","Neo-Nazi","","Yes","2013"
"National Socialist Movement","","South Dakota","National Socialist Movement","Neo-Nazi","","Yes","2013"
"National Socialist Movement","","Maine","National Socialist Movement","Neo-Nazi","","Yes","2013"
"National Socialist Movement","","California","National Socialist Movement","Neo-Nazi","","Yes","2013"
"National Socialist Movement","","California","National Socialist Movement","Neo-Nazi","","Yes","2013"
"National Socialist Movement","","Texas","National Socialist Movement","Neo-Nazi","","Yes","2013"
"National Socialist Movement","","Mississippi","National Socialist Movement","Neo-Nazi","","Yes","2013"
"National Socialist Movement","","Wyoming","National Socialist Movement","Neo-Nazi","","Yes","2013"
"National Socialist Movement","","Minnesota","National Socialist Movement","Neo-Nazi","","Yes","2013"
"National Socialist Movement","","Utah","National Socialist Movement","Neo-Nazi","","Yes","2013"
"National Socialist Movement","","Florida","National Socialist Movement","Neo-Nazi","","Yes","2013"
"National Socialist Movement","","Louisiana","National Socialist Movement","Neo-Nazi","","Yes","2013"
"National Socialist Movement","","Arkansas","National Socialist Movement","Neo-Nazi","","Yes","2013"
"National Socialist Movement","","Ohio","National Socialist Movement","Neo-Nazi","","Yes","2013"
"Nationalist Coalition","St. Petersburg","Florida","","Neo-Nazi","","","2013"
"Nationalist Movement","Learned","Mississippi","","White Nationalist ","","","2013"
"National Socialist Aryan Workers' Party","Albany","New York","","White Nationalist ","","","2013"
"New Black Panther Party","Atlanta","Georgia","New Black Panther Party","","","","2013"
"New Black Panther Party","Chicago","Illinois","New Black Panther Party","","","","2013"
"New Black Panther Party","Dallas","Texas","New Black Panther Party","","","","2013"
"New Black Panther Party","Houston","Texas","New Black Panther Party","","","","2013"
"New Black Panther Party","Philadelphia","Pennsylvania","New Black Panther Party","","","","2013"
"New Black Panther Party","Tampa & (St. Petersburg)","Florida","New Black Panther Party","","","","2013"
"New Black Panther Party","Washington","District of Columbia","New Black Panther Party","","","","2013"
"New Black Panther Party","","Arkansas","New Black Panther Party","","","Yes","2013"
"New Century Productions - A Conversation About Race","Littleton","Colorado","","White Nationalist ","","","2013"
"New Empire Knights of the Ku Klux Klan","Abbeville","South Carolina","","Ku Klux Klan ","","","2013"
"New Empire Knights of the Ku Klux Klan","Ames","Iowa","","Ku Klux Klan ","","","2013"
"New Empire Knights of the Ku Klux Klan","Beal City","Michigan","","Ku Klux Klan ","","","2013"
"New Empire Knights of the Ku Klux Klan","Branson","Missouri","","Ku Klux Klan ","","","2013"
"New Empire Knights of the Ku Klux Klan","Charlotte","North Carolina","","Ku Klux Klan ","","","2013"
"New Empire Knights of the Ku Klux Klan","Corbin","Kentucky","","Ku Klux Klan ","","","2013"
"New Empire Knights of the Ku Klux Klan","Dallas","Texas","","Ku Klux Klan ","","","2013"
"New Empire Knights of the Ku Klux Klan","Dayton","Ohio","","Ku Klux Klan ","","","2013"
"New Empire Knights of the Ku Klux Klan","Durham","North Carolina","","Ku Klux Klan ","","","2013"
"New Empire Knights of the Ku Klux Klan","Hurricane","West Virginia","","Ku Klux Klan ","","","2013"
"New Empire Knights of the Ku Klux Klan","Longview","Texas","","Ku Klux Klan ","","","2013"
"New Empire Knights of the Ku Klux Klan","Newnan","Georgia","","Ku Klux Klan ","","","2013"
"New Empire Knights of the Ku Klux Klan","Scottsburg","Indiana","","Ku Klux Klan ","","","2013"
"New Order","Milwaukee","Wisconsin","","Neo-Nazi","","","2013"
"New Yorkers for Immigration Control and Enforcement (NYICE)","New York","New York","","Anti-Immigrant","","","2013"
"Non-Universal Teaching Ministries/Christogenea","Fostoria","Ohio","","Christian Identity ","","","2013"
"Noontide Press","Newport Beach","California","","Holocaust Denial","","","2013"
"Nord Herrenvolk","","Michigan","","Racist Skinhead ","","Yes","2013"
"North Mississippi White Knights Of The Ku Klux Klan","Dumas","Mississippi","","Ku Klux Klan ","","","2013"
"North Mississippi White Knights Of The Ku Klux Klan","Red Bay","Alabama","","Ku Klux Klan ","","","2013"
"Northern Hammerskins","Chicago","Illinois","","Racist Skinhead ","","","2013"
"Northern Hammerskins","Detroit","Michigan","","Racist Skinhead ","","","2013"
"Northwest Front","Seattle","Washington","","White Nationalist ","","","2013"
"Northwest Hammerskins","Seattle","Washington","","Racist Skinhead ","","","2013"
"Northwest Hammerskins","","Idaho","","Racist Skinhead ","","Yes","2013"
"NPI TV","Brooklyn","New York","","White Nationalist ","","","2013"
"NS Publications","Wyandotte","Michigan","","Neo-Nazi","","","2013"
"Occidental Dissent","Birmingham","Alabama","","White Nationalist ","","","2013"
"Occidental Quarterly/Charles Martel Society","Atlanta","Georgia","Occidental Quarterly","White Nationalist ","","","2013"
"Official Street Preachers","Los Angeles","California","","General Hate ","","","2013"
"Old Glory Skinheads","","North Carolina","","Racist Skinhead ","","Yes","2013"
"OMNI Christian Book Club","Palmdale","California","","Radical Traditional Catholicism ","","","2013"
"Orange County Skins","","California","","Racist Skinhead ","","Yes","2013"
"Order Of The Confederate Brotherhood Knights Of The Ku Klux Klan","","Texas","","Ku Klux Klan ","","Yes","2013"
"Order Of The Confederate Brotherhood Knights Of The Ku Klux Klan","","California","","Ku Klux Klan ","","Yes","2013"
"Order Of The Confederate Brotherhood Knights Of The Ku Klux Klan","","Tennessee","","Ku Klux Klan ","","Yes","2013"
"Original North Phoenix Tea Party","North Phoenix","Arizona","","General Hate ","","","2013"
"Our Place Fellowship","Colville","Washington","","Christian Identity ","","","2013"
"Ozark Craft LC","Harrison","Arkansas","","General Hate ","","","2013"
"Pace Confederate Depot","Baldwyn","Mississippi","","Neo-Confederate","","","2013"
"Pacific Justice Institute","Sacramento","California","Pacific Justice Institute","Anti-LGBTQ","","","2013"
"Pacifica Forum","Eugene","Oregon","","White Nationalist ","","","2013"
"Parents Action League","Champlin","Minnesota","","Anti-LGBTQ","","","2013"
"Patriotic Flags","Summerville","South Carolina","","White Nationalist ","","","2013"
"Pilgrims Covenant Church","Monroe","Wisconsin","","Anti-LGBTQ","","","2013"
"Pioneer Fund","New York","New York","","White Nationalist ","","","2013"
"Pioneer Little Europe Kalispell Montana","Kalispell","Montana","","White Nationalist ","","","2013"
"Poker Face","Allentown","Pennsylvania","","Hate Music ","","","2013"
"Political Islam","Nashville","Tennessee","","Anti-Muslim","","","2013"
"Power of Prophecy","Austin","Texas","","General Hate ","","","2013"
"Prophet of Doom","St. Louis","Missouri","","Anti-Muslim","","","2013"
"Protestant White Nationalist Party of Kentucky/Uncreated Light","Louisville","Kentucky","","White Nationalist ","","","2013"
"Providence Road Baptist Church","Maiden","North Carolina","","Anti-LGBTQ","","","2013"
"Racial Nationalist Party of America","Lockport","New York","","White Nationalist ","","","2013"
"Radio Jihad/Global Patriot Radio","","New York","","Anti-Muslim","","Yes","2013"
"Red October","Boston","Massachusetts","","White Nationalist ","","","2013"
"Red October","Chicago","Illinois","","White Nationalist ","","","2013"
"Red October","Hamilton","Ohio","","White Nationalist ","","","2013"
"Red October","","New Hampshire","","White Nationalist ","","Yes","2013"
"Red October","","New York","","White Nationalist ","","Yes","2013"
"Red October","","New Jersey","","White Nationalist ","","Yes","2013"
"Red October","","Arizona","","White Nationalist ","","Yes","2013"
"Red October","","Oregon","","White Nationalist ","","Yes","2013"
"Red October","","California","","White Nationalist ","","Yes","2013"
"Red October","","Louisiana","","White Nationalist ","","Yes","2013"
"Red October","","Florida","","White Nationalist ","","Yes","2013"
"Red October","","Connecticut","","White Nationalist ","","Yes","2013"
"Red October","Henderson","Kentucky","","White Nationalist ","","","2013"
"Red October","","Texas","","White Nationalist ","","Yes","2013"
"Red October","","Wisconsin","","White Nationalist ","","Yes","2013"
"Reformation-Bible Puritan-Baptist Church/Vatican Assassins","Newmanstown","Pennsylvania","","General Hate ","","","2013"
"Revolutionary Order of the Aryan Republic","Chattanooga","Tennessee","","Neo-Nazi","","","2013"
"Robert Sungenis","State Line","Pennsylvania","","Radical Traditional Catholicism ","","","2013"
"Ruth Institute","San Marcos","California","Ruth Institute","Anti-LGBTQ","","","2013"
"Sacto Skinheads","Sacramento","California","","Racist Skinhead ","","","2013"
"Aryan Nations Sadistic Souls MC","Brighton","Illinois","","Neo-Nazi","","","2013"
"Aryan Nations Sadistic Souls MC","","Oklahoma","","Neo-Nazi","","Yes","2013"
"Aryan Nations Sadistic Souls MC","","Arizona","","Neo-Nazi","","Yes","2013"
"Aryan Nations Sadistic Souls MC","","Wisconsin","","Neo-Nazi","","Yes","2013"
"Aryan Nations Sadistic Souls MC","","Pennsylvania","","Neo-Nazi","","Yes","2013"
"Aryan Nations Sadistic Souls MC","","Missouri","","Neo-Nazi","","Yes","2013"
"Aryan Nations Sadistic Souls MC","","Ohio","","Neo-Nazi","","Yes","2013"
"Aryan Nations Sadistic Souls MC","","Louisiana","","Neo-Nazi","","Yes","2013"
"Aryan Nations Sadistic Souls MC","","Utah","","Neo-Nazi","","Yes","2013"
"Samanta Roy Institute of Science and Technology","Shawano","Wisconsin","","General Hate ","","","2013"
"Save California","Sacramento","California","","Anti-LGBTQ","","","2013"
"Scott-Townsend Publishers","Washington, D. C.","District of Columbia","","White Nationalist ","","","2013"
"Scriptures for America Worldwide Ministries","Laporte","Colorado","","Christian Identity ","","","2013"
"Sharia Awareness Action Network","Washington D.C.","District of Columbia","","Anti-Muslim","","","2013"
"Sharkhunters International","Hernando","Florida","","General Hate ","","","2013"
"Silver Bullet Gun Oil","Courtland","Virginia","","Anti-Muslim","","","2013"
"Slaves of the Immaculate Heart of Mary","Richmond","New Hampshire","","Radical Traditional Catholicism ","","","2013"
"The Social Contract Press","Petoskey","Michigan","","White Nationalist ","","","2013"
"Society for the Practical Establishment and Perpetuation of the Ten Commandments","Eatonton","Georgia","","General Hate ","","","2013"
"Soldiers of the Cross Training Institute","Harrison","Arkansas","","Ku Klux Klan ","","","2013"
"SonnyThomas.com","Springboro","Ohio","","General Hate ","","","2013"
"Sons of Aesir Motorcycle Club","","Arizona","","General Hate ","","Yes","2013"
"Faith Baptist Church (formerly Sons of Thundr)","Luthersville","Georgia","","Anti-LGBTQ","","","2013"
"South Africa Project","Mandeville","Louisiana","","White Nationalist ","","","2013"
"South Africa Project","","New York","","White Nationalist ","","Yes","2013"
"Southern European Aryans League Army","Muncie","Indiana","","White Nationalist ","","","2013"
"Southern National Congress","Alexandria","Virginia","","Neo-Confederate","","","2013"
"Southern National Congress","Fruit Hill","Kentucky","","Neo-Confederate","","","2013"
"Southern National Congress","Jacksonville","Florida","","Neo-Confederate","","","2013"
"Southern National Congress","Morganton","Georgia","","Neo-Confederate","","","2013"
"Southern National Congress","Travelers Rest","South Carolina","","Neo-Confederate","","","2013"
"Southern National Congress","West Plains","Missouri","","Neo-Confederate","","","2013"
"Southern National Congress","Wetumpka","Alabama","","Neo-Confederate","","","2013"
"Southern National Congress","","Mississippi","","Neo-Confederate","","Yes","2013"
"Southern National Congress","","Tennessee","","Neo-Confederate","","Yes","2013"
"Southern National Congress","","Maryland","","Neo-Confederate","","Yes","2013"
"Southern National Congress","","North Carolina","","Neo-Confederate","","Yes","2013"
"Southern National Congress","","Texas","","Neo-Confederate","","Yes","2013"
"St. Michael's Parish/Mount St. Michael","Spokane","Washington","","Radical Traditional Catholicism ","","","2013"
"Stop the Islamization of America (SIOA)","New York","New York","","Anti-Muslim","","","2013"
"Stop the Islamization of Nations (SION)","New York","New York","","Anti-Muslim","","","2013"
"Stormfront","West Palm Beach","Florida","Stormfront","White Nationalist ","","","2013"
"Sultan Knish a blog by Daniel Greenfield","New York","New York","","Anti-Muslim","","","2013"
"Supreme White Alliance","Farmington","New Mexico","","Racist Skinhead ","","","2013"
"Supreme White Alliance","","Ohio","","Racist Skinhead ","","Yes","2013"
"Supreme White Alliance","","Missouri","","Racist Skinhead ","","Yes","2013"
"Supreme White Alliance","","Kentucky","","Racist Skinhead ","","Yes","2013"
"TC Family (Traverse City Family)","Traverse City","Michigan","","Anti-LGBTQ","","","2013"
"Tea Party Nation","Franklin","Tennessee","","General Hate ","","","2013"
"Tennessee Freedom Coalition","Nashville","Tennessee","","Anti-Muslim","","","2013"
"The American Defence League","New York","New York","","Anti-Muslim","","","2013"
"The Brother Nathanael Foundation","Frisco","Colorado","","General Hate ","","","2013"
"The church at Kaweah","Kaweah","California","","General Hate ","","","2013"
"The Creativity Alliance","Clovis","California","","Neo-Nazi","","","2013"
"The Creativity Alliance","Draper","Utah","","Neo-Nazi","","","2013"
"The Creativity Alliance","Mountain City","Tennessee","","Neo-Nazi","","","2013"
"The Creativity Alliance","Philadelphia","Pennsylvania","","Neo-Nazi","","","2013"
"The Creativity Alliance","","Florida","","Neo-Nazi","","Yes","2013"
"The Creativity Alliance","","Montana","","Neo-Nazi","","Yes","2013"
"The Creativity Alliance","","West Virginia","","Neo-Nazi","","Yes","2013"
"The Creativity Alliance","","South Carolina","","Neo-Nazi","","Yes","2013"
"The Creativity Alliance","","Virginia","","Neo-Nazi","","Yes","2013"
"The Creativity Alliance","","Texas","","Neo-Nazi","","Yes","2013"
"The Creativity Alliance","","North Carolina","","Neo-Nazi","","Yes","2013"
"The Creativity Alliance","","Nevada","","Neo-Nazi","","Yes","2013"
"The Creativity Alliance","","Georgia","","Neo-Nazi","","Yes","2013"
"The Creativity Alliance","","Arkansas","","Neo-Nazi","","Yes","2013"
"The Creativity Movement","Billings","Montana","","Neo-Nazi","","","2013"
"The Creativity Movement","Covington","Ohio","","Neo-Nazi","","","2013"
"The Creativity Movement","Kansas City","Missouri","","Neo-Nazi","","","2013"
"The Creativity Movement","Mountain","Wisconsin","","Neo-Nazi","","","2013"
"The Creativity Movement","Mt. Vernon","Texas","","Neo-Nazi","","","2013"
"The Creativity Movement","Zion","Illinois","","Neo-Nazi","","","2013"
"The Creativity Movement","","Connecticut","","Neo-Nazi","","Yes","2013"
"The Creativity Movement","","Washington","","Neo-Nazi","","Yes","2013"
"The Creativity Movement","","Wyoming","","Neo-Nazi","","Yes","2013"
"The Creativity Movement","","Alabama","","Neo-Nazi","","Yes","2013"
"The Creativity Movement","","Colorado","","Neo-Nazi","","Yes","2013"
"The Dakota Voice","Rapid City","South Dakota","","General Hate ","","","2013"
"The Fatima Crusader","Constable","New York","","Radical Traditional Catholicism ","","","2013"
"The Fitzgerald Griffin Foundation","Vienna","Virginia","","White Nationalist ","","","2013"
"The Forssaken Motorcycle Club","Center Ridge","Arkansas","","Neo-Nazi","","","2013"
"The Hated","Toms River","New Jersey","","Racist Skinhead ","","","2013"
"The International Conspiratological Association","Coeur d'Alene","Idaho","","Holocaust Denial","","","2013"
"The Israelite Church of God in Jesus Christ","Beaverton","Oregon","","","","","2013"
"The Israelite Church of God in Jesus Christ","Coatesville","Pennsylvania","","","","","2013"
"The Israelite Church of God in Jesus Christ","Harlem","New York","","","","","2013"
"The Israelite Church of God in Jesus Christ","Jersey City","New Jersey","","","","","2013"
"The Israelite Church of God in Jesus Christ","Norristown","Pennsylvania","","","","","2013"
"The Israelite Church of God in Jesus Christ","Philadelphia","Pennsylvania","","","","","2013"
"The Israelite Church of God in Jesus Christ","Philadelphia","Pennsylvania","","","","","2013"
"The Israelite Church of God in Jesus Christ","Vineland","New Jersey","","","","","2013"
"The Kinist Institute","Orlando","Florida","","White Nationalist ","","","2013"
"The Political Cesspool","Bartlett","Tennessee","","White Nationalist ","","","2013"
"The Pray in Jesus Name Project","Colorado Springs","Colorado","","Anti-LGBTQ","","","2013"
"The Remnant","Forest Lake","Minnesota","","Radical Traditional Catholicism ","","","2013"
"The Shepherd's Call Ministries","Sweetwater","Tennessee","","Christian Identity ","","","2013"
"The Creativity Movement","Palm Bay","Florida","","Neo-Nazi","","","2013"
"The Creativity Movement","","Arizona","","Neo-Nazi","","Yes","2013"
"The Creativity Movement","","West Virginia","","Neo-Nazi","","Yes","2013"
"The Israelite Church of God in Jesus Christ","Allentown","Pennsylvania","","","","","2013"
"The Israelite Church of God in Jesus Christ","Asbury Park","New Jersey","","","","","2013"
"The Israelite Church of God in Jesus Christ","Baltimore","Maryland","","","","","2013"
"The Israelite Church of God in Jesus Christ","Camden","New Jersey","","","","","2013"
"The Israelite Church of God in Jesus Christ","Fayetteville","North Carolina","","","","","2013"
"The Israelite Church of God in Jesus Christ","Fort Myers","Florida","","","","","2013"
"The Israelite Church of God in Jesus Christ","Goldsboro","North Carolina","","","","","2013"
"The Israelite Church of God in Jesus Christ","Kansas City","Missouri","","","","","2013"
"The Israelite Church of God in Jesus Christ","Langston","Oklahoma","","","","","2013"
"The Israelite Church of God in Jesus Christ","Lawton","Oklahoma","","","","","2013"
"The Israelite Church of God in Jesus Christ","New York","New York","","","","","2013"
"The Israelite Church of God in Jesus Christ","North Miami","Florida","","","","","2013"
"The Israelite Church of God in Jesus Christ","North Minneapolis","Minnesota","","","","","2013"
"The Israelite Church of God in Jesus Christ","Oklahoma City","Oklahoma","","","","","2013"
"The Israelite Church of God in Jesus Christ","Omaha","Nebraska","","","","","2013"
"The Israelite Church of God in Jesus Christ","Orlando","Florida","","","","","2013"
"The Israelite Church of God in Jesus Christ","Pittsburgh","Pennsylvania","","","","","2013"
"The Israelite Church of God in Jesus Christ","Portland","Oregon","","","","","2013"
"The Israelite Church of God in Jesus Christ","Tulsa","Oklahoma","","","","","2013"
"The Israelite Church of God in Jesus Christ","Washington","District of Columbia","","","","","2013"
"The Israelite Church of God in Jesus Christ","West Palm Beach","Florida","","","","","2013"
"The Israelite Church of God in Jesus Christ","Wilmington","North Carolina","","","","","2013"
"The United West","Lake Worth","Florida","","Anti-Muslim","","","2013"
"The White Network","Kerrville","Texas","","White Nationalist ","","","2013"
"Third Reich Books","Lincoln","Nebraska","","Neo-Nazi","","","2013"
"Thomas Robb Ministries","Bergman","Arkansas","","Christian Identity ","","","2013"
"Tightrope","Calico Rock","Arkansas","","Hate Music ","","","2013"
"Tom Brown Ministries","El Paso","Texas","","Anti-LGBTQ","","","2013"
"Tony Alamo Christian Ministries","Canyon Country","California","","General Hate ","","","2013"
"Tony Alamo Christian Ministries","Fort Smith","Arkansas","","General Hate ","","","2013"
"Tony Alamo Christian Ministries","Fouke","Arkansas","","General Hate ","","","2013"
"Tony Alamo Christian Ministries","New York","New York","","General Hate ","","","2013"
"Tony Alamo Christian Ministries","Texarkana","Texas","","General Hate ","","","2013"
"Tradition in Action","Los Angeles","California","","Radical Traditional Catholicism ","","","2013"
"Traditional Values Coalition","Anaheim","California","","Anti-LGBTQ","","","2013"
"Traditional Values Coalition","Washington","District of Columbia","","Anti-LGBTQ","","","2013"
"Traditionalist American Knights of the KKK","Bryan","Texas","","Ku Klux Klan ","","","2013"
"Traditionalist American Knights of the KKK","Greensville","Texas","","Ku Klux Klan ","","","2013"
"Traditionalist American Knights of the KKK","Houston","Texas","","Ku Klux Klan ","","","2013"
"Traditionalist American Knights of the KKK","Lone Oak","Texas","","Ku Klux Klan ","","","2013"
"Traditionalist American Knights of the KKK","Mt. Pleasant","Texas","","Ku Klux Klan ","","","2013"
"Traditionalist American Knights of the KKK","Potosi","Missouri","","Ku Klux Klan ","","","2013"
"Traditionalist American Knights of the KKK","Waco","Texas","","Ku Klux Klan ","","","2013"
"Traditionalist Youth Network","Towson","Maryland","","White Nationalist ","","","2013"
"Traditionalist Youth Network","Bloomington","Indiana","","White Nationalist ","","","2013"
"True Light Pentecost Church","Spartanburg","South Carolina","","Anti-LGBTQ","","","2013"
"Truth At Last","Marietta","Georgia","","General Hate ","","","2013"
"D. James Kennedy Ministries (formerly Truth in Action)","Ft. Lauderdale","Florida","","Anti-LGBTQ","","","2013"
"Truth Triumphant","Eustis","Florida","","General Hate ","","","2013"
"United Families International","Gilbert","Arizona","","Anti-LGBTQ","","","2013"
"United for a Sovereign America (USA)","Phoenix","Arizona","","Anti-Immigrant","","","2013"
"United Identity Church of Christ","Simms","Texas","","Christian Identity ","","","2013"
"United Klans of America","Ashland","Alabama","","Ku Klux Klan ","","","2013"
"United Klans of America","Great Falls","Montana","","Ku Klux Klan ","","","2013"
"United Northern and Southern Knights of the KKK","Chicago","Illinois","","Ku Klux Klan ","","","2013"
"United Northern and Southern Knights of the KKK","Fraser","Michigan","","Ku Klux Klan ","","","2013"
"United Northern and Southern Knights of the KKK","Rockledge","Georgia","","Ku Klux Klan ","","","2013"
"United Northern and Southern Knights of the KKK","Spartanburg","South Carolina","","Ku Klux Klan ","","","2013"
"United Northern and Southern Knights of the KKK","West College Corner","Indiana","","Ku Klux Klan ","","","2013"
"United Northern and Southern Knights of the KKK","","North Carolina","","Ku Klux Klan ","","Yes","2013"
"United Northern and Southern Knights of the KKK","","Missouri","","Ku Klux Klan ","","Yes","2013"
"United Northern and Southern Knights of the KKK","","Texas","","Ku Klux Klan ","","Yes","2013"
"United Society of Aryan Skinheads","San Diego","California","","Racist Skinhead ","","","2013"
"United States Defense League","Monroe","North Carolina","","Anti-Muslim","","","2013"
"United States Justice Foundation","Ramona","California","","Anti-Muslim","","","2013"
"United White Knights of the KKK","New Braunfels","Texas","","Ku Klux Klan ","","","2013"
"United White Knights of the KKK","Omaha","Texas","","Ku Klux Klan ","","","2013"
"United White Knights of the KKK","Abilene","Texas","","Ku Klux Klan ","","","2013"
"United White Knights of the KKK","Beaumont","Texas","","Ku Klux Klan ","","","2013"
"United White Knights of the KKK","Oklahoma City","Oklahoma","","Ku Klux Klan ","","","2013"
"United White Knights of the KKK","Shawnee","Oklahoma","","Ku Klux Klan ","","","2013"
"United White Knights of the KKK","Tulsa","Oklahoma","","Ku Klux Klan ","","","2013"
"US Border Guard","Mesa","Arizona","","Anti-Immigrant","","","2013"
"VDARE Foundation","Warrenton","Virginia","VDARE","White Nationalist ","","","2013"
"Vinland Folk Resistance","Kingsburg","California","","General Hate ","","","2013"
"Vinlanders Alaska","Anchorage","Alaska","","Racist Skinhead ","","","2013"
"Vinlanders Arizona","Mesa","Arizona","","Racist Skinhead ","","","2013"
"Vinlanders Indiana","Knightstown","Indiana","","Racist Skinhead ","","","2013"
"Vinlanders Michigan","","Michigan","","Racist Skinhead ","","Yes","2013"
"Vinlanders Minnesota","","Minnesota","","Racist Skinhead ","","Yes","2013"
"Vinlanders New Jersey","Cherry Hill","New Jersey","","Racist Skinhead ","","","2013"
"Vinlanders New Jersey","Pt. Pleasant Beach","New Jersey","","Racist Skinhead ","","","2013"
"Vinlanders Ohio","","Ohio","","Racist Skinhead ","","Yes","2013"
"Vinlanders Pennsylvania","","Pennsylvania","","Racist Skinhead ","","Yes","2013"
"Vinlanders Texas","Arlington","Texas","","Racist Skinhead ","","","2013"
"Virginia Publishing Company","Lynchburg","Virginia","","Christian Identity ","","","2013"
"Voice of Reason Broadcast Network","Pasadena","California","","White Nationalist ","","","2013"
"Voz de Aztlan","Whittier","California","","General Hate ","","","2013"
"War On The Horizon","Washington","District of Columbia","","","","","2013"
"Washington Summit Publishers","Whitefish","Montana","","White Nationalist ","","","2013"
"Watchmen Bible Study Group","Wappapello","Missouri","","Christian Identity ","","","2013"
"Weisman Publications","Apple Valley","Minnesota","","Christian Identity ","","","2013"
"Westboro Baptist Church","Topeka","Kansas","Westboro Baptist Church","Anti-LGBTQ","","","2013"
"Western Hammerskins","Menifee","California","","Racist Skinhead ","","","2013"
"Western Hammerskins","San Diego","California","","Racist Skinhead ","","","2013"
"White Aryan Resistance","Warsaw","Indiana","","Neo-Nazi","","","2013"
"White Camelia Knights of the KKK","Cleveland","Texas","","Ku Klux Klan ","","","2013"
"White Camelia Knights of the KKK","Pasadena","Texas","","Ku Klux Klan ","","","2013"
"White Pride Home School Resource Center","Bergman","Arkansas","","General Hate ","","","2013"
"White Rabbit Radio","Dearborn Heights","Michigan","","White Nationalist ","","","2013"
"White Student Union of Tarrant County","North Richland Hills","Texas","","White Nationalist ","","","2013"
"Windsor Hills Baptist Church","Oklahoma City","Oklahoma","","Anti-LGBTQ","","","2013"
"World Congress of Families/International Organization for the Family","Rockford","Illinois","","Anti-LGBTQ","","","2013"
"World View Foundations","Porterville","California","","White Nationalist ","","","2013"
"WTM Enterprises","Roanoke","Indiana","","White Nationalist ","","","2013"
"Yahweh's Truth","Linwood","Michigan","","Christian Identity ","","","2013"
"You Can Run, But You Cannot Hide","Annandale","Minnesota","","Anti-LGBTQ","","","2013"
